id,name,age,salary
1,Name1,21,30010
2,Name2,22,30020
3,Name3,23,30030
4,Name4,24,30040
5,Name5,25,30050
6,Name6,26,30060
7,Name7,27,30070
8,Name8,28,30080
9,Name9,29,30090
10,Name10,30,30100
11,Name11,31,30110
12,Name12,32,30120
13,Name13,33,30130
14,Name14,34,30140
15,Name15,35,30150
16,Name16,36,30160
17,Name17,37,30170
18,Name18,38,30180
19,Name19,39,30190
20,Name20,40,30200
21,Name21,41,30210
22,Name22,42,30220
23,Name23,43,30230
24,Name24,44,30240
25,Name25,45,30250
26,Name26,46,30260
27,Name27,47,30270
28,Name28,48,30280
29,Name29,49,30290
30,Name30,50,30300
31,Name31,51,30310
32,Name32,52,30320
33,Name33,53,30330
34,Name34,54,30340
35,Name35,55,30350
36,Name36,56,30360
37,Name37,57,30370
38,Name38,58,30380
39,Name39,59,30390
40,Name40,60,30400
41,Name41,61,30410
42,Name42,62,30420
43,Name43,63,30430
44,Name44,64,30440
45,Name45,65,30450
46,Name46,66,30460
47,,67,30470
48,Name48,68,30480
49,Name49,69,30490
,Name50,20,30500
51,Name51,21,30510
52,Name52,22,30520
53,Name53,23,30530
54,Name54,24,30540
55,Name55,25,30550
56,Name56,26,30560
57,Name57,27,30570
58,Name58,28,30580
59,Name59,29,30590
60,Name60,30,30600
61,Name61,invalid,30610
62,Name62,32,30620
63,Name63,33,30630
64,Name64,34,30640
65,Name65,35,30650
66,Name66,36,30660
67,Name67,37,30670
68,Name68,38,30680
69,Name69,39,30690
70,Name70,40,30700
71,Name71,41,30710
72,Name72,42,30720
73,Name73,43,not_available
74,Name74,44,30740
75,Name75,45,30750
76,Name76,46,30760
77,Name77,47,30770
78,Name78,48,30780
79,Name79,49,30790
80,Name80,50,30800
81,Name81,51,30810
82,Name82,52,30820
83,Name83,53,30830
84,Name84,54,30840
85,Name85,55,30850
86,Name86,56,30860
87,Name87,57,30870
88,Name88,58,30880
89,Name89,59,30890
90,Name90,60,30900
91,Name91,61,30910
92,Name92,62,30920
93,Name93,63,30930
94,,64,30940
95,Name95,65,30950
96,Name96,66,30960
97,Name97,67,30970
98,Name98,68,30980
99,Name99,69,30990
,Name100,20,31000
101,Name101,,31010
102,Name102,22,31020
103,Name103,23,31030
104,Name104,24,31040
105,Name105,25,31050
106,Name106,26,31060
107,Name107,27,31070
108,Name108,28,31080
109,Name109,29,31090
110,Name110,30,31100
111,Name111,31,31110
112,Name112,32,31120
113,Name113,33,31130
114,Name114,34,31140
115,Name115,35,31150
116,Name116,36,31160
117,Name117,37,31170
118,Name118,38,31180
119,Name119,39,31190
120,Name120,40,31200
121,Name121,41,31210
122,Name122,invalid,31220
123,Name123,43,31230
124,Name124,44,31240
125,Name125,45,31250
126,Name126,46,31260
127,Name127,47,31270
128,Name128,48,31280
129,Name129,49,31290
130,Name130,50,31300
131,Name131,51,31310
132,Name132,52,31320
133,Name133,53,31330
134,Name134,54,31340
135,Name135,55,31350
136,Name136,56,31360
137,Name137,57,31370
138,Name138,58,31380
139,Name139,59,31390
140,Name140,60,31400
141,,61,31410
142,Name142,62,31420
143,Name143,63,31430
144,Name144,64,31440
145,Name145,65,31450
146,Name146,66,not_available
147,Name147,67,31470
148,Name148,68,31480
149,Name149,69,31490
,Name150,20,31500
151,Name151,21,31510
152,Name152,22,31520
153,Name153,23,31530
154,Name154,24,31540
155,Name155,25,31550
156,Name156,26,31560
157,Name157,27,31570
158,Name158,28,31580
159,Name159,29,31590
160,Name160,30,31600
161,Name161,31,31610
162,Name162,32,31620
163,Name163,33,31630
164,Name164,34,31640
165,Name165,35,31650
166,Name166,36,31660
167,Name167,37,31670
168,Name168,38,31680
169,Name169,39,31690
170,Name170,40,31700
171,Name171,41,31710
172,Name172,42,31720
173,Name173,43,31730
174,Name174,44,31740
175,Name175,45,31750
176,Name176,46,31760
177,Name177,47,31770
178,Name178,48,31780
179,Name179,49,31790
180,Name180,50,31800
181,Name181,51,31810
182,Name182,52,31820
183,Name183,invalid,31830
184,Name184,54,31840
185,Name185,55,31850
186,Name186,56,31860
187,Name187,57,31870
188,,58,31880
189,Name189,59,31890
190,Name190,60,31900
191,Name191,61,31910
192,Name192,62,31920
193,Name193,63,31930
194,Name194,64,31940
195,Name195,65,31950
196,Name196,66,31960
197,Name197,67,31970
198,Name198,68,31980
199,Name199,69,31990
,Name200,20,32000
201,Name201,21,32010
202,Name202,,32020
203,Name203,23,32030
204,Name204,24,32040
205,Name205,25,32050
206,Name206,26,32060
207,Name207,27,32070
208,Name208,28,32080
209,Name209,29,32090
210,Name210,30,32100
211,Name211,31,32110
212,Name212,32,32120
213,Name213,33,32130
214,Name214,34,32140
215,Name215,35,32150
216,Name216,36,32160
217,Name217,37,32170
218,Name218,38,32180
219,Name219,39,not_available
220,Name220,40,32200
221,Name221,41,32210
222,Name222,42,32220
223,Name223,43,32230
224,Name224,44,32240
225,Name225,45,32250
226,Name226,46,32260
227,Name227,47,32270
228,Name228,48,32280
229,Name229,49,32290
230,Name230,50,32300
231,Name231,51,32310
232,Name232,52,32320
233,Name233,53,32330
234,Name234,54,32340
235,,55,32350
236,Name236,56,32360
237,Name237,57,32370
238,Name238,58,32380
239,Name239,59,32390
240,Name240,60,32400
241,Name241,61,32410
242,Name242,62,32420
243,Name243,63,32430
244,Name244,invalid,32440
245,Name245,65,32450
246,Name246,66,32460
247,Name247,67,32470
248,Name248,68,32480
249,Name249,69,32490
,Name250,20,32500
251,Name251,21,32510
252,Name252,22,32520
253,Name253,23,32530
254,Name254,24,32540
255,Name255,25,32550
256,Name256,26,32560
257,Name257,27,32570
258,Name258,28,32580
259,Name259,29,32590
260,Name260,30,32600
261,Name261,31,32610
262,Name262,32,32620
263,Name263,33,32630
264,Name264,34,32640
265,Name265,35,32650
266,Name266,36,32660
267,Name267,37,32670
268,Name268,38,32680
269,Name269,39,32690
270,Name270,40,32700
271,Name271,41,32710
272,Name272,42,32720
273,Name273,43,32730
274,Name274,44,32740
275,Name275,45,32750
276,Name276,46,32760
277,Name277,47,32770
278,Name278,48,32780
279,Name279,49,32790
280,Name280,50,32800
281,Name281,51,32810
282,,52,32820
283,Name283,53,32830
284,Name284,54,32840
285,Name285,55,32850
286,Name286,56,32860
287,Name287,57,32870
288,Name288,58,32880
289,Name289,59,32890
290,Name290,60,32900
291,Name291,61,32910
292,Name292,62,not_available
293,Name293,63,32930
294,Name294,64,32940
295,Name295,65,32950
296,Name296,66,32960
297,Name297,67,32970
298,Name298,68,32980
299,Name299,69,32990
,Name300,20,33000
301,Name301,21,33010
302,Name302,22,33020
303,Name303,,33030
304,Name304,24,33040
305,Name305,invalid,33050
306,Name306,26,33060
307,Name307,27,33070
308,Name308,28,33080
309,Name309,29,33090
310,Name310,30,33100
311,Name311,31,33110
312,Name312,32,33120
313,Name313,33,33130
314,Name314,34,33140
315,Name315,35,33150
316,Name316,36,33160
317,Name317,37,33170
318,Name318,38,33180
319,Name319,39,33190
320,Name320,40,33200
321,Name321,41,33210
322,Name322,42,33220
323,Name323,43,33230
324,Name324,44,33240
325,Name325,45,33250
326,Name326,46,33260
327,Name327,47,33270
328,Name328,48,33280
329,,49,33290
330,Name330,50,33300
331,Name331,51,33310
332,Name332,52,33320
333,Name333,53,33330
334,Name334,54,33340
335,Name335,55,33350
336,Name336,56,33360
337,Name337,57,33370
338,Name338,58,33380
339,Name339,59,33390
340,Name340,60,33400
341,Name341,61,33410
342,Name342,62,33420
343,Name343,63,33430
344,Name344,64,33440
345,Name345,65,33450
346,Name346,66,33460
347,Name347,67,33470
348,Name348,68,33480
349,Name349,69,33490
,Name350,20,33500
351,Name351,21,33510
352,Name352,22,33520
353,Name353,23,33530
354,Name354,24,33540
355,Name355,25,33550
356,Name356,26,33560
357,Name357,27,33570
358,Name358,28,33580
359,Name359,29,33590
360,Name360,30,33600
361,Name361,31,33610
362,Name362,32,33620
363,Name363,33,33630
364,Name364,34,33640
365,Name365,35,not_available
366,Name366,invalid,33660
367,Name367,37,33670
368,Name368,38,33680
369,Name369,39,33690
370,Name370,40,33700
371,Name371,41,33710
372,Name372,42,33720
373,Name373,43,33730
374,Name374,44,33740
375,Name375,45,33750
376,,46,33760
377,Name377,47,33770
378,Name378,48,33780
379,Name379,49,33790
380,Name380,50,33800
381,Name381,51,33810
382,Name382,52,33820
383,Name383,53,33830
384,Name384,54,33840
385,Name385,55,33850
386,Name386,56,33860
387,Name387,57,33870
388,Name388,58,33880
389,Name389,59,33890
390,Name390,60,33900
391,Name391,61,33910
392,Name392,62,33920
393,Name393,63,33930
394,Name394,64,33940
395,Name395,65,33950
396,Name396,66,33960
397,Name397,67,33970
398,Name398,68,33980
399,Name399,69,33990
,Name400,20,34000
401,Name401,21,34010
402,Name402,22,34020
403,Name403,23,34030
404,Name404,,34040
405,Name405,25,34050
406,Name406,26,34060
407,Name407,27,34070
408,Name408,28,34080
409,Name409,29,34090
410,Name410,30,34100
411,Name411,31,34110
412,Name412,32,34120
413,Name413,33,34130
414,Name414,34,34140
415,Name415,35,34150
416,Name416,36,34160
417,Name417,37,34170
418,Name418,38,34180
419,Name419,39,34190
420,Name420,40,34200
421,Name421,41,34210
422,Name422,42,34220
423,,43,34230
424,Name424,44,34240
425,Name425,45,34250
426,Name426,46,34260
427,Name427,invalid,34270
428,Name428,48,34280
429,Name429,49,34290
430,Name430,50,34300
431,Name431,51,34310
432,Name432,52,34320
433,Name433,53,34330
434,Name434,54,34340
435,Name435,55,34350
436,Name436,56,34360
437,Name437,57,34370
438,Name438,58,not_available
439,Name439,59,34390
440,Name440,60,34400
441,Name441,61,34410
442,Name442,62,34420
443,Name443,63,34430
444,Name444,64,34440
445,Name445,65,34450
446,Name446,66,34460
447,Name447,67,34470
448,Name448,68,34480
449,Name449,69,34490
,Name450,20,34500
451,Name451,21,34510
452,Name452,22,34520
453,Name453,23,34530
454,Name454,24,34540
455,Name455,25,34550
456,Name456,26,34560
457,Name457,27,34570
458,Name458,28,34580
459,Name459,29,34590
460,Name460,30,34600
461,Name461,31,34610
462,Name462,32,34620
463,Name463,33,34630
464,Name464,34,34640
465,Name465,35,34650
466,Name466,36,34660
467,Name467,37,34670
468,Name468,38,34680
469,Name469,39,34690
470,,40,34700
471,Name471,41,34710
472,Name472,42,34720
473,Name473,43,34730
474,Name474,44,34740
475,Name475,45,34750
476,Name476,46,34760
477,Name477,47,34770
478,Name478,48,34780
479,Name479,49,34790
480,Name480,50,34800
481,Name481,51,34810
482,Name482,52,34820
483,Name483,53,34830
484,Name484,54,34840
485,Name485,55,34850
486,Name486,56,34860
487,Name487,57,34870
488,Name488,invalid,34880
489,Name489,59,34890
490,Name490,60,34900
491,Name491,61,34910
492,Name492,62,34920
493,Name493,63,34930
494,Name494,64,34940
495,Name495,65,34950
496,Name496,66,34960
497,Name497,67,34970
498,Name498,68,34980
499,Name499,69,34990
,Name500,20,35000
501,Name501,21,35010
502,Name502,22,35020
503,Name503,23,35030
504,Name504,24,35040
505,Name505,,35050
506,Name506,26,35060
507,Name507,27,35070
508,Name508,28,35080
509,Name509,29,35090
510,Name510,30,35100
511,Name511,31,not_available
512,Name512,32,35120
513,Name513,33,35130
514,Name514,34,35140
515,Name515,35,35150
516,Name516,36,35160
517,,37,35170
518,Name518,38,35180
519,Name519,39,35190
520,Name520,40,35200
521,Name521,41,35210
522,Name522,42,35220
523,Name523,43,35230
524,Name524,44,35240
525,Name525,45,35250
526,Name526,46,35260
527,Name527,47,35270
528,Name528,48,35280
529,Name529,49,35290
530,Name530,50,35300
531,Name531,51,35310
532,Name532,52,35320
533,Name533,53,35330
534,Name534,54,35340
535,Name535,55,35350
536,Name536,56,35360
537,Name537,57,35370
538,Name538,58,35380
539,Name539,59,35390
540,Name540,60,35400
541,Name541,61,35410
542,Name542,62,35420
543,Name543,63,35430
544,Name544,64,35440
545,Name545,65,35450
546,Name546,66,35460
547,Name547,67,35470
548,Name548,68,35480
549,Name549,invalid,35490
,Name550,20,35500
551,Name551,21,35510
552,Name552,22,35520
553,Name553,23,35530
554,Name554,24,35540
555,Name555,25,35550
556,Name556,26,35560
557,Name557,27,35570
558,Name558,28,35580
559,Name559,29,35590
560,Name560,30,35600
561,Name561,31,35610
562,Name562,32,35620
563,Name563,33,35630
564,,34,35640
565,Name565,35,35650
566,Name566,36,35660
567,Name567,37,35670
568,Name568,38,35680
569,Name569,39,35690
570,Name570,40,35700
571,Name571,41,35710
572,Name572,42,35720
573,Name573,43,35730
574,Name574,44,35740
575,Name575,45,35750
576,Name576,46,35760
577,Name577,47,35770
578,Name578,48,35780
579,Name579,49,35790
580,Name580,50,35800
581,Name581,51,35810
582,Name582,52,35820
583,Name583,53,35830
584,Name584,54,not_available
585,Name585,55,35850
586,Name586,56,35860
587,Name587,57,35870
588,Name588,58,35880
589,Name589,59,35890
590,Name590,60,35900
591,Name591,61,35910
592,Name592,62,35920
593,Name593,63,35930
594,Name594,64,35940
595,Name595,65,35950
596,Name596,66,35960
597,Name597,67,35970
598,Name598,68,35980
599,Name599,69,35990
,Name600,20,36000
601,Name601,21,36010
602,Name602,22,36020
603,Name603,23,36030
604,Name604,24,36040
605,Name605,25,36050
606,Name606,,36060
607,Name607,27,36070
608,Name608,28,36080
609,Name609,29,36090
610,Name610,invalid,36100
611,,31,36110
612,Name612,32,36120
613,Name613,33,36130
614,Name614,34,36140
615,Name615,35,36150
616,Name616,36,36160
617,Name617,37,36170
618,Name618,38,36180
619,Name619,39,36190
620,Name620,40,36200
621,Name621,41,36210
622,Name622,42,36220
623,Name623,43,36230
624,Name624,44,36240
625,Name625,45,36250
626,Name626,46,36260
627,Name627,47,36270
628,Name628,48,36280
629,Name629,49,36290
630,Name630,50,36300
631,Name631,51,36310
632,Name632,52,36320
633,Name633,53,36330
634,Name634,54,36340
635,Name635,55,36350
636,Name636,56,36360
637,Name637,57,36370
638,Name638,58,36380
639,Name639,59,36390
640,Name640,60,36400
641,Name641,61,36410
642,Name642,62,36420
643,Name643,63,36430
644,Name644,64,36440
645,Name645,65,36450
646,Name646,66,36460
647,Name647,67,36470
648,Name648,68,36480
649,Name649,69,36490
,Name650,20,36500
651,Name651,21,36510
652,Name652,22,36520
653,Name653,23,36530
654,Name654,24,36540
655,Name655,25,36550
656,Name656,26,36560
657,Name657,27,not_available
658,,28,36580
659,Name659,29,36590
660,Name660,30,36600
661,Name661,31,36610
662,Name662,32,36620
663,Name663,33,36630
664,Name664,34,36640
665,Name665,35,36650
666,Name666,36,36660
667,Name667,37,36670
668,Name668,38,36680
669,Name669,39,36690
670,Name670,40,36700
671,Name671,invalid,36710
672,Name672,42,36720
673,Name673,43,36730
674,Name674,44,36740
675,Name675,45,36750
676,Name676,46,36760
677,Name677,47,36770
678,Name678,48,36780
679,Name679,49,36790
680,Name680,50,36800
681,Name681,51,36810
682,Name682,52,36820
683,Name683,53,36830
684,Name684,54,36840
685,Name685,55,36850
686,Name686,56,36860
687,Name687,57,36870
688,Name688,58,36880
689,Name689,59,36890
690,Name690,60,36900
691,Name691,61,36910
692,Name692,62,36920
693,Name693,63,36930
694,Name694,64,36940
695,Name695,65,36950
696,Name696,66,36960
697,Name697,67,36970
698,Name698,68,36980
699,Name699,69,36990
,Name700,20,37000
701,Name701,21,37010
702,Name702,22,37020
703,Name703,23,37030
704,Name704,24,37040
705,,25,37050
706,Name706,26,37060
707,Name707,,37070
708,Name708,28,37080
709,Name709,29,37090
710,Name710,30,37100
711,Name711,31,37110
712,Name712,32,37120
713,Name713,33,37130
714,Name714,34,37140
715,Name715,35,37150
716,Name716,36,37160
717,Name717,37,37170
718,Name718,38,37180
719,Name719,39,37190
720,Name720,40,37200
721,Name721,41,37210
722,Name722,42,37220
723,Name723,43,37230
724,Name724,44,37240
725,Name725,45,37250
726,Name726,46,37260
727,Name727,47,37270
728,Name728,48,37280
729,Name729,49,37290
730,Name730,50,not_available
731,Name731,51,37310
732,Name732,invalid,37320
733,Name733,53,37330
734,Name734,54,37340
735,Name735,55,37350
736,Name736,56,37360
737,Name737,57,37370
738,Name738,58,37380
739,Name739,59,37390
740,Name740,60,37400
741,Name741,61,37410
742,Name742,62,37420
743,Name743,63,37430
744,Name744,64,37440
745,Name745,65,37450
746,Name746,66,37460
747,Name747,67,37470
748,Name748,68,37480
749,Name749,69,37490
,Name750,20,37500
751,Name751,21,37510
752,,22,37520
753,Name753,23,37530
754,Name754,24,37540
755,Name755,25,37550
756,Name756,26,37560
757,Name757,27,37570
758,Name758,28,37580
759,Name759,29,37590
760,Name760,30,37600
761,Name761,31,37610
762,Name762,32,37620
763,Name763,33,37630
764,Name764,34,37640
765,Name765,35,37650
766,Name766,36,37660
767,Name767,37,37670
768,Name768,38,37680
769,Name769,39,37690
770,Name770,40,37700
771,Name771,41,37710
772,Name772,42,37720
773,Name773,43,37730
774,Name774,44,37740
775,Name775,45,37750
776,Name776,46,37760
777,Name777,47,37770
778,Name778,48,37780
779,Name779,49,37790
780,Name780,50,37800
781,Name781,51,37810
782,Name782,52,37820
783,Name783,53,37830
784,Name784,54,37840
785,Name785,55,37850
786,Name786,56,37860
787,Name787,57,37870
788,Name788,58,37880
789,Name789,59,37890
790,Name790,60,37900
791,Name791,61,37910
792,Name792,62,37920
793,Name793,invalid,37930
794,Name794,64,37940
795,Name795,65,37950
796,Name796,66,37960
797,Name797,67,37970
798,Name798,68,37980
799,,69,37990
,Name800,20,38000
801,Name801,21,38010
802,Name802,22,38020
803,Name803,23,not_available
804,Name804,24,38040
805,Name805,25,38050
806,Name806,26,38060
807,Name807,27,38070
808,Name808,,38080
809,Name809,29,38090
810,Name810,30,38100
811,Name811,31,38110
812,Name812,32,38120
813,Name813,33,38130
814,Name814,34,38140
815,Name815,35,38150
816,Name816,36,38160
817,Name817,37,38170
818,Name818,38,38180
819,Name819,39,38190
820,Name820,40,38200
821,Name821,41,38210
822,Name822,42,38220
823,Name823,43,38230
824,Name824,44,38240
825,Name825,45,38250
826,Name826,46,38260
827,Name827,47,38270
828,Name828,48,38280
829,Name829,49,38290
830,Name830,50,38300
831,Name831,51,38310
832,Name832,52,38320
833,Name833,53,38330
834,Name834,54,38340
835,Name835,55,38350
836,Name836,56,38360
837,Name837,57,38370
838,Name838,58,38380
839,Name839,59,38390
840,Name840,60,38400
841,Name841,61,38410
842,Name842,62,38420
843,Name843,63,38430
844,Name844,64,38440
845,Name845,65,38450
846,,66,38460
847,Name847,67,38470
848,Name848,68,38480
849,Name849,69,38490
,Name850,20,38500
851,Name851,21,38510
852,Name852,22,38520
853,Name853,23,38530
854,Name854,invalid,38540
855,Name855,25,38550
856,Name856,26,38560
857,Name857,27,38570
858,Name858,28,38580
859,Name859,29,38590
860,Name860,30,38600
861,Name861,31,38610
862,Name862,32,38620
863,Name863,33,38630
864,Name864,34,38640
865,Name865,35,38650
866,Name866,36,38660
867,Name867,37,38670
868,Name868,38,38680
869,Name869,39,38690
870,Name870,40,38700
871,Name871,41,38710
872,Name872,42,38720
873,Name873,43,38730
874,Name874,44,38740
875,Name875,45,38750
876,Name876,46,not_available
877,Name877,47,38770
878,Name878,48,38780
879,Name879,49,38790
880,Name880,50,38800
881,Name881,51,38810
882,Name882,52,38820
883,Name883,53,38830
884,Name884,54,38840
885,Name885,55,38850
886,Name886,56,38860
887,Name887,57,38870
888,Name888,58,38880
889,Name889,59,38890
890,Name890,60,38900
891,Name891,61,38910
892,Name892,62,38920
893,,63,38930
894,Name894,64,38940
895,Name895,65,38950
896,Name896,66,38960
897,Name897,67,38970
898,Name898,68,38980
899,Name899,69,38990
,Name900,20,39000
901,Name901,21,39010
902,Name902,22,39020
903,Name903,23,39030
904,Name904,24,39040
905,Name905,25,39050
906,Name906,26,39060
907,Name907,27,39070
908,Name908,28,39080
909,Name909,,39090
910,Name910,30,39100
911,Name911,31,39110
912,Name912,32,39120
913,Name913,33,39130
914,Name914,34,39140
915,Name915,invalid,39150
916,Name916,36,39160
917,Name917,37,39170
918,Name918,38,39180
919,Name919,39,39190
920,Name920,40,39200
921,Name921,41,39210
922,Name922,42,39220
923,Name923,43,39230
924,Name924,44,39240
925,Name925,45,39250
926,Name926,46,39260
927,Name927,47,39270
928,Name928,48,39280
929,Name929,49,39290
930,Name930,50,39300
931,Name931,51,39310
932,Name932,52,39320
933,Name933,53,39330
934,Name934,54,39340
935,Name935,55,39350
936,Name936,56,39360
937,Name937,57,39370
938,Name938,58,39380
939,Name939,59,39390
940,,60,39400
941,Name941,61,39410
942,Name942,62,39420
943,Name943,63,39430
944,Name944,64,39440
945,Name945,65,39450
946,Name946,66,39460
947,Name947,67,39470
948,Name948,68,39480
949,Name949,69,not_available
,Name950,20,39500
951,Name951,21,39510
952,Name952,22,39520
953,Name953,23,39530
954,Name954,24,39540
955,Name955,25,39550
956,Name956,26,39560
957,Name957,27,39570
958,Name958,28,39580
959,Name959,29,39590
960,Name960,30,39600
961,Name961,31,39610
962,Name962,32,39620
963,Name963,33,39630
964,Name964,34,39640
965,Name965,35,39650
966,Name966,36,39660
967,Name967,37,39670
968,Name968,38,39680
969,Name969,39,39690
970,Name970,40,39700
971,Name971,41,39710
972,Name972,42,39720
973,Name973,43,39730
974,Name974,44,39740
975,Name975,45,39750
976,Name976,invalid,39760
977,Name977,47,39770
978,Name978,48,39780
979,Name979,49,39790
980,Name980,50,39800
981,Name981,51,39810
982,Name982,52,39820
983,Name983,53,39830
984,Name984,54,39840
985,Name985,55,39850
986,Name986,56,39860
987,,57,39870
988,Name988,58,39880
989,Name989,59,39890
990,Name990,60,39900
991,Name991,61,39910
992,Name992,62,39920
993,Name993,63,39930
994,Name994,64,39940
995,Name995,65,39950
996,Name996,66,39960
997,Name997,67,39970
998,Name998,68,39980
999,Name999,69,39990
,Name1000,20,40000
1001,Name1001,21,40010
1002,Name1002,22,40020
1003,Name1003,23,40030
1004,Name1004,24,40040
1005,Name1005,25,40050
